url,name,address,city,state,phone
http://wakawdental.ca/,Results,"îƒˆ109 1 St S, Wakaw, SK S0K 0A6, Canada",SK S0K 0A6,Canada,î‚°+1 306-233-9999
http://www.cudworthdental.co.uk/,Results,"îƒˆ8SU, 260 Barnsley Rd, Cudworth, Barnsley S72 8SU, United Kingdom",Barnsley S72 8SU,United,î‚°+44 1226 710380
https://www.saskhealthauthority.ca/facilities-locations/cudworth-health-centre-and-nursing-home,Results,"îƒˆ607 4th Ave, Cudworth, SK S0K 1B0, Canada",SK S0K 1B0,Canada,î‚°+1 306-256-3443
https://www.saskatoonhealthregion.ca/,Results,"îƒˆ607 4th Ave, Cudworth, SK S0K 1B0, Canada",SK S0K 1B0,Canada,î‚°+1 306-256-3443
https://apple-wood.ca/,Results,"îƒˆ119 Main St, Cudworth, SK S0K 1B0, Canada",SK S0K 1B0,Canada,î‚°+1 306-256-3355
https://wildwooddentalclinic.com/contact/,Results,"îƒˆ1526 8 St E #105, Saskatoon, SK S7H 0T3, Canada",SK S7H 0T3,Canada,î‚°+1 306-374-7272
http://lakesidedentalsaskatoon.ca/,Results,"îƒˆ215 Joseph Okemasis Dr, Saskatoon, SK S7N 3A8, Canada",SK S7N 3A8,Canada,î‚°+1 306-986-5323
http://princealbertdentist.ca/,Results,"îƒˆ2730 2 Ave W, Prince Albert, SK S6V 5E6, Canada",SK S6V 5E6,Canada,î‚°+1 306-703-0250
https://www.lakewooddentalclinic.com/?utm_source=GMB_Listing&utm_medium=organic&utm_campaign=Website_URL,Results,"îƒˆ411A Herold Ct, Saskatoon, SK S7V 0A7, Canada",SK S7V 0A7,Canada,î‚°+1 306-955-4303
http://varsitydentalsaskatoon.ca/,Results,"îƒˆ1414 8 St E Ste 201, Saskatoon, SK S7H 0T1, Canada",SK S7H 0T1,Canada,î‚°+1 306-665-2400
https://www.brightondentalstudio.com/?utm_source=GMB_Listing&utm_medium=organic&utm_campaign=Website_URL,Results,"îƒˆ147 Gibson Bnd #95, Saskatoon, SK S7V 0V2, Canada",SK S7V 0V2,Canada,î‚°+1 306-343-2020
https://landmarkdentalregina.com/,Results,"îƒˆ4168 Albert St, Regina, SK S4S 3R8, Canada",SK S4S 3R8,Canada,î‚°+1 306-949-1626
https://www.mainstreetdentalclinic.com/?utm_source=GMB_Listing&utm_medium=organic&utm_campaign=GMB,Results,"îƒˆ636 Main St N, Moose Jaw, SK S6H 3K4, Canada",SK S6H 3K4,Canada,î‚°+1 306-692-6438
https://www.circle8dental.com/site/home?utm_source=G&utm_medium=LPM&utm_campaign=DentalCorp,Results,"îƒˆ3301 8 St E #302, Saskatoon, SK S7H 5K5, Canada",SK S7H 5K5,Canada,î‚°+1 639-398-3303
http://campusdentist.com/,Results,"îƒˆUniversity of Regina, Dr. William Riddell Centre, 3737 Wascana Pkwy #228, Regina, SK S4S 0A2, Canada",SK S4S 0A2,Canada,î‚°+1 306-352-1060
http://westlandingdental.ca/,Results,"îƒˆ552 University Park Dr, Regina, SK S4V 2Z3, Canada",SK S4V 2Z3,Canada,î‚°+1 306-565-3500
https://www.reginalakeviewdental.ca/?utm_source=GMB_Listing&utm_medium=organic&utm_campaign=GMB,Results,"îƒˆ3725 Pasqua St #103, Regina, SK S4S 6W8, Canada",SK S4S 6W8,Canada,î‚°+1 306-359-3945
http://horizondentalregina.com/,Results,"îƒˆ4002 Pasqua St, Regina, SK S4S 6X2, Canada",SK S4S 6X2,Canada,î‚°+1 306-586-6077
https://www.prestondental.ca/site/home?utm_source=G&utm_medium=LPM&utm_campaign=DentalCorp,Results,"îƒˆ3010 Preston Ave S #100, Saskatoon, SK S7T 0V2, Canada",SK S7T 0V2,Canada,î‚°+1 639-638-8741
http://www.territorialdental.com/,Results,"îƒˆ9800 Territorial Dr #1304, North Battleford, SK S9A 3W6, Canada",SK S9A 3W6,Canada,î‚°+1 306-446-4434
https://kenderdine-dental.ca/,Results,"îƒˆ50 Kenderdine Rd #1, Saskatoon, SK S7N 3A1, Canada",SK S7N 3A1,Canada,î‚°+1 306-978-6588
https://www.wapitilibrary.ca/branch/269,Results,"îƒˆ426 2nd Ave, Cudworth, SK S0K 1B0, Canada",SK S0K 1B0,Canada,î‚°+1 306-256-3530
http://www.centennialdentalclinic.com/,Results,"îƒˆ729 Centennial Dr S, Martensville, SK S0K 0K3, Canada",SK S0K 0K3,Canada,î‚°+1 306-242-8788
http://yxedentalclinic.ca/,Results,"îƒˆ1260 Baltzan Blvd Unit 125, Saskatoon, SK S7W 1E8, Canada",SK S7W 1E8,Canada,î‚°+1 306-986-6176
http://www.rostherndental.ca/,Results,"îƒˆ1002 6 St, Rosthern, SK S0K 3R0, Canada",SK S0K 3R0,Canada,î‚°+1 306-232-5585
https://www.humboldtdentalclinic.com/,Results,"îƒˆ617 7 St, Humboldt, SK S0K 2A0, Canada",SK S0K 2A0,Canada,î‚°+1 306-682-2313
http://sprucedentalclinic.com/,Results,"îƒˆ211 Evergreen Square #15, Saskatoon, SK S7W 0Z2, Canada",SK S7W 0Z2,Canada,î‚°+1 306-986-4275
https://wheatlandsaskatoon.ca/?utm_campaign=gbp,Results,"îƒˆ303 Wellman Ln #205, Saskatoon, SK S7T 0J1, Canada",SK S7T 0J1,Canada,î‚°+1 306-518-2293
https://www.collegepark.dental/,Results,"îƒˆ3929 8 St E #208, Saskatoon, SK S7H 5M2, Canada",SK S7H 5M2,Canada,î‚°+1 306-955-4611
http://www.botanicaldental.ca/,Results,"îƒˆ1121 Louise Ave, Saskatoon, SK S7H 2P8, Canada",SK S7H 2P8,Canada,î‚°+1 306-374-4181
https://www.martensvilledental.ca/?utm_source=google&utm_medium=organic&utm_campaign=gbp_website_link,Results,"îƒˆ12 2 St S, Martensville, SK S0K 4T0, Canada",SK S0K 4T0,Canada,î‚°+1 306-934-4446
https://www.sutherlanddental.ca/site/home?utm_source=G&utm_medium=LPM&utm_campaign=DentalCorp,Results,"îƒˆ705 Central Ave #1, Saskatoon, SK S7N 3A4, Canada",SK S7N 3A4,Canada,î‚°+1 639-638-7226
https://warmandental.ca/,Results,"îƒˆ102 Central St, Warman, SK S0K 4S0, Canada",SK S0K 4S0,Canada,î‚°+1 639-638-6029
https://www.mountroyaldental.ca/?utm_source=GMB_Listing&utm_medium=organic&utm_campaign=Website_URL,Results,"îƒˆ1601A 29th St W, Saskatoon, SK S7L 0N6, Canada",SK S7L 0N6,Canada,î‚°+1 306-652-2021
http://www.silverwooddental.com/,Results,"îƒˆ75 Lenore Dr #3, Saskatoon, SK S7K 7Y1, Canada",SK S7K 7Y1,Canada,î‚°+1 306-242-5233
http://www.campusdentist.com/,Results,"îƒˆUniversity of Saskatchewan, Place Riel Student Centre, 1 Campus Dr #32, Saskatoon, SK S7N 5A3, Canada",SK S7N 5A3,Canada,î‚°+1 306-500-6550
https://aspengreendental.ca/,Results,"îƒˆ1164 Baltzan Blvd #60, Saskatoon, SK S7W 1K4, Canada",SK S7W 1K4,Canada,î‚°+1 306-343-5555
http://www.thebigtooth.ca/,Results,"îƒˆ630 2nd Ave N #1, Saskatoon, SK S7K 2J8, Canada",SK S7K 2J8,Canada,î‚°+1 306-664-2525
http://www.cumberland-dental.com/,Results,"îƒˆ1519 8 St E #60, Saskatoon, SK S7H 0T2, Canada",SK S7H 0T2,Canada,î‚°+1 306-952-3003
http://ultrawhiteclinic.com/,Results,"îƒˆ1220 8 St E, Saskatoon, SK S7H 0S6, Canada",SK S7H 0S6,Canada,î‚°+1 306-978-5858
http://erindaledental.com/,Results,"îƒˆ419 Ludlow St, Saskatoon, SK S7S 1P3, Canada",SK S7S 1P3,Canada,î‚°+1 306-978-1515
http://www.sprucedentalclinic.com/,Results,"îƒˆ1945 McKercher Dr #6, Saskatoon, SK S7J 4M4, Canada",SK S7J 4M4,Canada,î‚°+1 306-986-5595
http://www.legendsdentalcentre.com/,Results,"îƒˆ810 Centennial Blvd #11, Warman, SK S0K 4S5, Canada",SK S0K 4S5,Canada,î‚°+1 306-664-7000
http://saskatoondentalhouse.ca/,Results,"îƒˆ619 8 St E Unit 210, Saskatoon, SK S7H 0R1, Canada",SK S7H 0R1,Canada,î‚°+1 306-802-4863
https://thebigtooth.ca/the-little-tooth/,Results,"îƒˆ630 2nd Ave N #2, Saskatoon, SK S7K 2J8, Canada",SK S7K 2J8,Canada,î‚°+1 306-664-2505
https://pinehousedental.ca/,Results,"îƒˆ129 Pinehouse Dr, Saskatoon, SK S7K 5W1, Canada",SK S7K 5W1,Canada,î‚°+1 306-933-0466
https://www.neeshdental.com/,Results,"îƒˆ402 21st St E, Saskatoon, SK S7K 0C3, Canada",SK S7K 0C3,Canada,î‚°+1 306-665-8414
http://www.wallstreetdental.ca/,Results,"îƒˆ2803 Faithfull Ave #201, Saskatoon, SK S7K 8E8, Canada",SK S7K 8E8,Canada,î‚°+1 306-665-0777
https://www.universityheightsdentalstudio.ca/,Results,"îƒˆ1844 McOrmond Dr #158, Saskatoon, SK S7S 0A5, Canada",SK S7S 0A5,Canada,î‚°+1 306-974-5688
http://www.guardiandentalcare.com/,Results,"îƒˆ2325 Preston Ave S, Saskatoon, SK S7J 2G2, Canada",SK S7J 2G2,Canada,î‚°+1 306-374-3266
https://greenleafdental.ca/,Results,"îƒˆ2124 McClocklin Rd #10, Saskatoon, SK S7R 0M8, Canada",SK S7R 0M8,Canada,î‚°+1 306-382-5323
https://www.saskatoondowntowndentist.ca/?utm_source=GMB_Listing&utm_medium=organic&utm_campaign=GMB,Results,"îƒˆ475 2 Ave S #110, Saskatoon, SK S7K 5R6, Canada",SK S7K 5R6,Canada,î‚°+1 306-954-1010
https://willowgreendental.com/,Results,"îƒˆ1848 McOrmond Dr #104, Saskatoon, SK S7S 0A5, Canada",SK S7S 0A5,Canada,î‚°+1 306-955-2400
https://www.canadabuildingdentalgroup.com/?utm_source=GMB_Listing&utm_medium=organic&utm_campaign=Website_URL,Results,"îƒˆ105 21st St E #308, Saskatoon, SK S7K 0B3, Canada",SK S7K 0B3,Canada,î‚°+1 639-638-9933
https://www.boychukdental.ca/,Results,"îƒˆ1025 Boychuk Dr #11, Saskatoon, SK S7V 1A5, Canada",SK S7V 1A5,Canada,î‚°+1 306-975-0103
https://midtowndentalclinic.ca/,Results,"îƒˆ201 1 Ave S Ste 801, Saskatoon, SK S7K 1J5, Canada",SK S7K 1J5,Canada,î‚°+1 306-652-8575
https://www.marquisdental.ca/site/home?utm_source=G&utm_medium=LPM&utm_campaign=DentalCorp,Results,"îƒˆ310 21st St E suite 100, Saskatoon, SK S7K 6C8, Canada",SK S7K 6C8,Canada,î‚°+1 639-638-1268
https://www.denturecottage.com/,Results,"îƒˆ421 Ludlow St #3, Saskatoon, SK S7S 0B2, Canada",SK S7S 0B2,Canada,î‚°+1 306-477-4867
https://saskatoonsmiles.com/?utm_source=GMB_Listing&utm_medium=organic&utm_campaign=GMB,Results,"îƒˆ227 Primrose Dr # 150, Saskatoon, SK S7K 5E4, Canada",SK S7K 5E4,Canada,î‚°+1 306-934-1177
http://www.brightsidedental.ca/,Results,"îƒˆ3602 Taylor St E, Saskatoon, SK S7H 5H9, Canada",SK S7H 5H9,Canada,î‚°+1 306-955-4131
https://www.willowsdental.ca/,Results,"îƒˆ304 Stonebridge Blvd, Saskatoon, SK S7T 0J1, Canada",SK S7T 0J1,Canada,î‚°+1 306-244-2266
http://www.eastviewdentalsk.ca/,Results,"îƒˆ120 Hawkins Crois. #40, Saskatoon, SK S7V 1T4, Canada",SK S7V 1T4,Canada,î‚°+1 306-244-9300
http://www.lakeviewdentaloffice.com/,Results,"îƒˆ3502 Taylor St E Unit #206, Saskatoon, SK S7H 5H9, Canada",SK S7H 5H9,Canada,î‚°+1 306-955-1882
https://avalondentalclinic.com/,Results,"îƒˆ2605 Broadway Ave #19, Saskatoon, SK S7J 0Z4, Canada",SK S7J 0Z4,Canada,î‚°+1 306-249-6505
https://blokdental.com/,Results,"îƒˆ123 Avenue B S #101, Saskatoon, SK S7M 5X6, Canada",SK S7M 5X6,Canada,î‚°+1 306-244-8788
http://www.lawsondental.ca/,Results,"îƒˆ2803 Faithfull Ave #201, Saskatoon, SK S7K 8E8, Canada",SK S7K 8E8,Canada,î‚°+1 306-933-3233
https://www.prairierootsdental.ca/,Results,"îƒˆ402 1st Ave N, Saskatoon, SK S7K 1X6, Canada",SK S7K 1X6,Canada,î‚°+1 306-665-7676
https://www.illumedentalhygienestudio.ca/,Results,,Cudworth,SK,î‚°+1 306-861-7998
https://packhamavenuedental.com/?utm_source=Google&utm_medium=GMB&utm_campaign=GMB,Results,"îƒˆ335 Packham Ave, Saskatoon, SK S7N 4S1, Canada",SK S7N 4S1,Canada,î‚°+1 306-651-7366
http://associatedmidtowndental.ca/,Results,"îƒˆ201 1 Ave S #402, Saskatoon, SK S7K 1J5, Canada",SK S7K 1J5,Canada,î‚°+1 306-975-0328
http://www.hofferdenture.com/,Results,"îƒˆ30A, Market Mall, 2325 Preston Ave S #30A, Saskatoon, SK S7J 2G2, Canada",SK S7J 2G2,Canada,î‚°+1 306-955-3366
https://freshdentalcare.ca/,Results,"îƒˆ3130 8 St E #1, Saskatoon, SK S7H 0W2, Canada",SK S7H 0W2,Canada,î‚°+1 306-664-8737
http://dental4.me/mintdentalsk,Results,"îƒˆ40 Downing Dr #2, Lanigan, SK S0K 2M0, Canada",SK S0K 2M0,Canada,î‚°+1 306-365-3383
https://www.broadwaydentalyxe.ca/?utm_source=google&utm_medium=google_business_profile&utm_campaign=website_click,Results,"îƒˆ701 Broadway Ave #302, Saskatoon, SK S7N 1B3, Canada",SK S7N 1B3,Canada,î‚°+1 306-664-9994
https://www.saskatoonsmilesgroup.com/?utm_source=GMB_Listing&utm_medium=organic&utm_campaign=Website_URL,Results,"îƒˆ1105 Central Ave, Saskatoon, SK S7N 4J2, Canada",SK S7N 4J2,Canada,î‚°+1 306-978-0123
https://www.princealbertdentists.ca/site/home?utm_source=G&utm_medium=LPM&utm_campaign=DentalCorp,Results,"îƒˆ210 15 St E #6, Prince Albert, SK S6V 1G2, Canada",SK S6V 1G2,Canada,î‚°+1 639-638-2847
http://www.humboldtdentalassociates.ca/,Results,"îƒˆ312 Main St, Humboldt, SK S0K 2A0, Canada",SK S0K 2A0,Canada,î‚°+1 306-682-5071
https://www.cityscapedentalgroup.com/,Results,"îƒˆ1025 8 St E, Saskatoon, SK S7H 0S2, Canada",SK S7H 0S2,Canada,î‚°+1 306-343-9541
